Component_ID,RA,DEC,ASKAP_flux,ASKAP_flux_SNR,RA_comp,DEC_comp,Comp_flux,Flux_Ratio_AlphaCorr,Flux_Ratio_NOAlphaCorr
SB67614_component_16a,115.387339,-5.644619,160.99400329589844,311.400390625,115.38739682632415,-5.644611084417895,153.49848325793874,0.8593088647916488,1.0488312319370885
SB67614_component_22a,119.26105,-7.539101,148.78799438476562,153.8655548095703,119.26115484528731,-7.539174093478032,107.90890895915113,1.129676953954593,1.3788295685677745
SB67614_component_38a,121.419378,-2.630149,104.21800231933594,224.12474060058594,121.41940228120383,-2.630235761666722,82.79888041969399,1.0312452487647519,1.2586885449546168
SB67614_component_46a,121.056445,-5.952538,87.18099975585938,330.2310485839844,121.05642905659955,-5.952858350531859,80.4899317664894,0.8874092813142969,1.083129254088344
SB67614_component_47a,117.54265,-5.165472,82.80899810791016,414.04498291015625,117.54261465817721,-5.165711906843621,78.06075443182013,0.8691374565588337,1.060827540172408
SB67614_component_52a,115.086387,-4.391133,82.76899719238281,107.63198852539062,115.08638544908868,-4.391005426293834,89.72698852163239,0.7557676221654369,0.9224537517207315
SB67614_component_55a,120.763056,-5.651487,79.83899688720703,327.2090148925781,120.7629932136481,-5.651887150844834,72.09933864067669,0.9072510334960942,1.1073471462075772
SB67614_component_57a,117.943384,-5.366107,76.14600372314453,378.8358154296875,117.94335897034982,-5.366447337775232,60.20078206010808,1.0363075528928614,1.2648673508446415
SB67614_component_58a,116.919097,-7.198448,74.17500305175781,178.3052978515625,116.91909516756681,-7.198504760285798,60.59938900716961,1.0028431405840261,1.2240222924191868
SB67614_component_64a,121.786371,-5.842226,68.427001953125,300.1184387207031,121.78653294049872,-5.842277671686269,53.33178278782493,1.051199369050986,1.2830435881987081
SB67614_component_69a,118.68891,-4.905438,66.61499786376953,372.15081787109375,118.68889273362973,-4.9057809386172435,55.78893980934154,0.9782899472787782,1.1940538409840014
SB67614_component_70a,119.934745,-2.770176,64.13500213623047,290.20361328125,119.93454995414506,-2.7704493963696066,55.910762890191194,0.9398171724445482,1.1470958152045196
SB67614_component_74a,116.589252,-2.335977,57.83700180053711,196.72450256347656,116.58906818487198,-2.336001384764098,49.62997310901928,0.9547846154156552,1.165364359023325
SB67614_component_75a,116.974353,-7.222337,61.1879997253418,126.94606018066406,116.9743974445006,-7.222390673133726,48.091928913583814,1.042408011276503,1.27231327808228
SB67614_component_77a,117.946846,-7.066666,58.01499938964844,153.8859405517578,117.94682235031394,-7.066649676724246,42.63719762892797,1.1147957909944248,1.3606663339967522
SB67614_component_81a,118.898404,-2.500376,51.41899871826172,209.0203094482422,118.89810395751097,-2.5005963766700336,44.46567677489946,0.9474196532738569,1.1563750390792964
SB67614_component_84a,118.881854,-4.699508,53.770999908447266,271.5707092285156,118.88183077530732,-4.69984880541142,44.83683543151349,0.982554933796423,1.1992594791971962
SB67614_component_98a,120.004119,-5.902136,47.69200134277344,232.64390563964844,120.00416592827187,-5.90253391831679,40.47620519530784,0.9653603105808857,1.178272545873497
SB67614_component_99a,120.214482,-2.372087,48.525001525878906,155.03195190429688,120.21437705207123,-2.372273971373617,41.05108168889161,0.968466568327252,1.1820638952617353
SB67614_component_103a,118.562296,-5.241463,45.74300003051758,267.5029296875,118.56230118458777,-5.241790648502988,41.23342365498984,0.908905913018569,1.1093670128694737
SB67614_component_120a,119.222642,-3.188674,39.457000732421875,206.58116149902344,119.22232533102878,-3.188921594329563,26.896546517047273,1.201908011475681,1.466991336877159
SB67614_component_127a,118.173735,-2.127695,38.17499923706055,107.53520965576172,118.17357939480459,-2.1276932736786316,34.06251406179225,0.9182184586306981,1.120733459891067
SB67614_component_128a,118.574679,-5.635627,39.85900115966797,217.80874633789062,118.57450633155061,-5.635868941878818,30.998312262416025,1.0534939439293025,1.2858442363649296
SB67614_component_132a,117.163947,-1.802945,39.02899932861328,42.33080291748047,117.16387271062948,-1.8028485505549252,35.55053783617038,0.8994663526864529,1.097845537765783
SB67614_component_133a,121.357831,-4.914955,34.595001220703125,37.85011291503906,121.35794821556041,-4.914909934696161,27.28042725600511,1.0389768318143149,1.268125344814308
SB67614_component_134a,120.67381,-5.967329,36.29399871826172,165.7260284423828,120.67372318641135,-5.96775880781789,30.619744730184077,0.9711290253947491,1.185313562803289
SB67614_component_135a,121.548392,-5.888027,35.8380012512207,56.526817321777344,121.54859323670226,-5.8881247241082795,28.940457459995457,1.014570123812735,1.2383356863228494
SB67614_component_138a,117.457888,-5.404101,36.12699890136719,183.3857879638672,117.45782531807106,-5.4042856980899865,32.905635008649504,0.899508539226698,1.0978970286357008
SB67614_component_150a,120.836445,-3.717221,34.36800003051758,116.10810852050781,120.83638135584296,-3.7173108956051095,30.214220378467996,0.9319369866989735,1.1374776380134486
SB67614_component_152a,120.62709,-3.762961,36.277000427246094,145.10800170898438,120.62688083350402,-3.7632772110652253,29.096095401673676,1.0215046288595915,1.2467996109594608
SB67614_component_153a,119.066274,-5.2151,32.66699981689453,171.93157958984375,119.06627044579088,-5.215241479197446,26.09455221333445,1.0256592054721096,1.2518704881320604
SB67614_component_155a,119.673692,-5.847327,32.94300079345703,171.578125,119.67372037947332,-5.84774270526856,26.723845693825076,1.0099686241872203,1.2327193163321168
SB67614_component_156a,115.670449,-6.164275,32.76900100708008,102.08411407470703,115.6702337280895,-6.164370179146967,20.993730730624765,1.2788430865188405,1.5608946036103077
SB67614_component_164a,119.751295,-3.227273,30.309999465942383,158.69110107421875,119.75106063907,-3.2275817179061996,24.72242471738803,1.0044736452230432,1.2260124082661052
SB67614_component_184a,121.240381,-6.407212,27.972000122070312,50.9508171081543,121.24064323475763,-6.407418553986505,21.072447552837026,1.0875574824725929,1.3274205595687618
SB67614_component_186a,120.203249,-6.881588,27.492000579833984,120.05240631103516,120.2032310721187,-6.88187091771454,18.908368129876706,1.1912309710193225,1.4539594528199642
SB67614_component_192a,115.206844,-3.001031,26.198999404907227,51.879207611083984,115.20692988543996,-3.0008234849505753,21.5503183476928,0.9960352208229367,1.2157128717178378
SB67614_component_196a,118.172728,-7.446675,25.92099952697754,34.19656753540039,118.17265109618516,-7.446669671523123,27.2419518669899,0.7795737440990704,0.951510363630992
SB67614_component_200a,116.317091,-2.327047,25.702999114990234,94.84501647949219,116.31691121671557,-2.327076154988816,22.898269192077812,0.9196547652033864,1.1224865468820142
SB67614_component_203a,115.56905,-4.052412,27.218000411987305,91.64310455322266,115.56898429951326,-4.052431606928732,21.711032063905197,1.027115843655979,1.253648390913553
SB67614_component_210a,117.706699,-5.912315,23.69499969482422,127.39247131347656,117.70666483874466,-5.912708308673587,25.103816137005733,0.7733224939341006,0.943880387169313
SB67614_component_211a,115.823435,-2.360649,22.916000366210938,70.9473648071289,115.82340965625123,-2.360644162715045,18.213169350731402,1.0308535611754046,1.2582104698483287
SB67614_component_212a,121.27698,-3.935265,23.790000915527344,60.688777923583984,121.27704350591009,-3.9351960655120575,21.067320769370205,0.925185530041634,1.129237133471459
SB67614_component_218a,121.121339,-2.745272,23.259000778198242,87.11236572265625,121.12114403629406,-2.7455502642309693,12.64440934945065,1.5070795848309204,1.8394691389209694
SB67614_component_219a,119.654001,-6.54627,21.3700008392334,102.74038696289062,119.6540245843876,-6.546515314917143,17.632003675791267,0.9929938353913691,1.2120007023690904
SB67614_component_223a,117.804209,-2.408747,21.81800079345703,94.04310607910156,117.80393807994335,-2.408967877591199,18.83277189557116,0.9491708406415064,1.1585124544830228
SB67614_component_225a,119.17658,-3.075935,21.476999282836914,107.38499450683594,119.1763027609962,-3.076204974047737,18.661649301010186,0.9429035260079726,1.1508628705006436
SB67614_component_226a,116.316609,-6.846973,21.115999221801758,52.13827133178711,116.31637579208301,-6.84710836416107,12.893002882532008,1.341841558575847,1.6377875204240138
SB67614_component_228a,120.17875,-6.468575,22.820999145507812,112.9752426147461,120.17871626483058,-6.468837789704438,16.659593337019867,1.1223128606452728,1.369841309079044
SB67614_component_229a,119.782621,-6.61771,22.788999557495117,107.49528503417969,119.78264271792843,-6.617974435013938,17.98032228539224,1.0384162337369007,1.2674411056585784
SB67614_component_234a,115.253085,-4.770216,21.291000366210938,66.32710266113281,115.25309288238556,-4.770139141393303,18.022312293611144,0.9678972085117581,1.1813689619482697
SB67614_component_236a,117.586926,-2.382306,22.256999969482422,88.32142639160156,117.58675871190611,-2.382508894687587,16.758079827907324,1.0881431969029651,1.3281354545416186
SB67614_component_246a,114.792576,-6.825115,22.270999908447266,22.248750686645508,114.79246447983584,-6.8250645600987685,17.96447899964311,1.0157077601540625,1.2397242307383205
SB67614_component_250a,119.77028,-4.255959,22.523000717163086,102.84475708007812,119.76916389247873,-4.255349192483984,18.314781407205544,1.0075536761536297,1.229771746459497
SB67614_component_255a,114.802951,-5.297255,19.82699966430664,20.67466163635254,114.80291754854083,-5.297185311040923,15.146413402171136,1.072484128647801,1.309022746036007
SB67614_component_257a,121.192619,-5.464229,19.302000045776367,53.02747344970703,121.1927265533727,-5.464167433683671,17.278393836781675,0.9152560835607152,1.1171177268043808
SB67614_component_259a,119.368951,-3.17423,18.816999435424805,101.16666412353516,119.36863333397307,-3.174470328969846,14.036550915079701,1.0983320263098482,1.3405714515814129
SB67614_component_261a,117.57706,-6.754554,20.20800018310547,100.03960418701172,117.57687058950717,-6.7547837656303695,15.525665532923137,1.0663917879412739,1.3015867268461472
SB67614_component_263a,116.153975,-6.872878,17.773000717163086,41.141204833984375,116.15436239976121,-6.87296285412801,14.772895925493296,0.9856864830485655,1.2030816981857002
SB67614_component_266a,117.37165,-4.77333,20.54599952697754,110.46236419677734,117.37152341904037,-4.77345711537698,15.02020283673992,1.1207149287498983,1.3678909499624956
SB67614_component_267a,121.358433,-2.154899,17.909000396728516,28.608627319335938,121.35852630052304,-2.154903065267229,14.87426254344329,0.9864602369440661,1.2040261051209538
SB67614_component_275a,115.254674,-4.328469,18.459999084472656,27.429420471191406,115.25456347300424,-4.328517617012309,17.155822881534206,0.8815842082842827,1.0760194490199715
SB67614_component_276a,114.899539,-6.50385,17.118000030517578,19.56342887878418,114.89952104288476,-6.503846319038265,12.996348633999164,1.079133937120096,1.31713918367317
SB67614_component_277a,120.833717,-1.780033,18.090999603271484,17.395193099975586,120.8337047491675,-1.780133401550895,13.350893226559801,1.1101864497479002,1.3550403928990968
SB67614_component_278a,114.938269,-3.530366,17.667999267578125,27.349842071533203,114.93827475261702,-3.530258217370189,14.963181006712704,0.9674023184839179,1.1807649228898587
SB67614_component_283a,117.198514,-7.28584,15.84000015258789,28.643762588500977,117.19853552761157,-7.285859771017315,12.729485872487656,1.0195018046504145,1.2443550596825765
SB67614_component_290a,120.691449,-3.675578,17.711000442504883,65.354248046875,120.69131418079854,-3.6758141084727556,15.467314736597812,0.9381490689502512,1.1450598079961611
SB67614_component_291a,119.517495,-3.055786,17.642000198364258,93.8404312133789,119.51727507004831,-3.0560134594982937,14.626971983008008,0.9881823074225256,1.206127981844689
SB67614_component_293a,118.806142,-2.070352,18.009000778198242,46.0588264465332,118.80601642957731,-2.070297801183013,17.336729954627252,0.8510716289107659,1.0387772564566917
SB67614_component_298a,117.117398,-6.864177,17.72800064086914,70.62948608398438,117.11726743735741,-6.8642956303556435,12.999353512645262,1.1173305803995472,1.3637601765060112
SB67614_component_310a,117.81639,-6.175335,15.765000343322754,82.109375,117.81632190088868,-6.175689236541075,14.725556397323615,0.877134012754247,1.0705877535593873
SB67614_component_311a,119.724769,-2.723479,15.741000175476074,86.96685791015625,119.72455896262791,-2.7236365454814604,11.51112566319241,1.1203615858068636,1.3674596764944518
SB67614_component_313a,116.737424,-4.445261,17.579999923706055,98.21228790283203,116.73725564883487,-4.445321080409876,12.530492239226728,1.1494614688592713,1.4029775996087237
SB67614_component_314a,118.871394,-6.60982,16.378000259399414,85.74869537353516,118.87126148312599,-6.61016794822608,15.437041555356032,0.8692415574256231,1.0609546007030672
SB67614_component_318a,116.386252,-5.379565,15.239999771118164,80.63491821289062,116.3862689768384,-5.379753028957373,9.960266848588363,1.2535962012656208,1.5300794650173535
SB67614_component_321a,118.21353,-6.389694,16.246000289916992,80.42574310302734,118.21329255004177,-6.390055447444966,12.837378819979541,1.0368448633083625,1.2655231661959232
SB67614_component_328a,119.894646,-5.306767,14.833999633789062,80.18378448486328,119.89462396009907,-5.306966403323275,11.886668628877478,1.022449316614268,1.247952651573994
SB67614_component_329a,115.003777,-5.180764,15.324999809265137,30.167322158813477,115.00382031892272,-5.180809149678393,10.072377577433345,1.2465570552857004,1.5214878206710625
SB67614_component_332a,119.454968,-3.685318,14.883000373840332,78.33158111572266,119.45469071953971,-3.6855756596611497,13.250392929544299,0.9202491318323627,1.1232120023139707
SB67614_component_334a,117.537458,-1.975933,16.8799991607666,24.823528289794922,117.53736444045305,-1.9758866190164799,13.837964011987188,0.9994104926897419,1.2198325668533492
SB67614_component_339a,118.60052,-5.541878,14.769000053405762,80.26630401611328,118.60044343019189,-5.542213712878552,10.354238600656098,1.1686288521899317,1.4263723894164388
SB67614_component_343a,115.467918,-2.623727,14.664999961853027,28.420543670654297,115.46795918286803,-2.6235937332340806,12.461427801861959,0.9641796064447631,1.1768314349710245
SB67614_component_348a,119.445095,-6.685805,14.927000045776367,82.46961975097656,119.44518554170754,-6.686047637598702,14.65892308943111,0.8342844495955402,1.018287629637578
SB67614_component_349a,117.940237,-3.619474,13.940999984741211,74.15425872802734,117.93989089988443,-3.6196770642093266,10.783498772844071,1.0591998591101064,1.292808603071262
SB67614_component_350a,115.769164,-7.080726,14.130999565124512,37.38359832763672,115.76888959428567,-7.080826190154612,7.064590120139787,1.6388137316465217,2.0002575273036367
SB67614_component_355a,117.52717,-2.229796,14.362000465393066,45.884986877441406,117.5271111355137,-2.2298349797494375,12.434681429817445,0.9462893535084343,1.1549954493368888
SB67614_component_359a,117.426304,-4.645075,15.13700008392334,80.51596069335938,117.42623061804186,-4.645167141850454,11.641000029134702,1.065352192179177,1.3003178460646823
SB67614_component_364a,119.388855,-3.403265,13.659000396728516,75.04945373535156,119.38855157155903,-3.403474960148832,9.628823715145392,1.1622227245293069,1.4185533769035534
SB67614_component_366a,119.060636,-7.148206,13.508999824523926,37.840335845947266,119.06069254885398,-7.148191452340863,11.049875553462257,1.0016349961981892,1.222547689262541
SB67614_component_367a,116.86482,-6.087192,13.845999717712402,69.57788848876953,116.86460892693826,-6.087229309380951,11.168070277647711,1.0157570869451915,1.2397844366563866
SB67614_component_370a,120.312534,-2.349453,15.67300033569336,51.38688659667969,120.31233700186169,-2.3495974201600904,13.866393858293065,0.9260454283786914,1.130286684185003
SB67614_component_372a,115.164253,-5.86697,12.196000099182129,16.8919677734375,115.16442253007578,-5.8668651954121795,12.510461652184908,0.798707502772104,0.9748641127925236
SB67614_component_375a,115.476367,-5.911791,13.574999809265137,32.39856719970703,115.47648357388142,-5.911755948023056,13.653043046712718,0.8146180963336013,0.9942838210367783
SB67614_component_376a,117.722822,-3.034406,13.98799991607666,78.58426666259766,117.72243147051768,-3.0346248940917238,9.44800259245264,1.2129958027508363,1.4805245637052122
SB67614_component_377a,119.64673,-6.508235,14.03499984741211,68.79901885986328,119.64674174543352,-6.508551996916225,9.998083269836917,1.1501099047482992,1.4037690493891077
SB67614_component_378a,117.740324,-5.458149,13.932000160217285,68.63054656982422,117.74031114326044,-5.458493699898777,10.882339492295973,1.0489019222780835,1.2802394347355441
SB67614_component_379a,120.466666,-5.344946,13.263999938964844,55.49790954589844,120.46652838142555,-5.345198161501506,12.584148944847982,0.863563627848232,1.0540243918835048
SB67614_component_383a,118.381633,-4.942351,13.38700008392334,73.55494689941406,118.3816255310438,-4.94268369863813,11.692398132941536,0.9380443069688754,1.144931940540711
SB67614_component_384a,121.730654,-4.001746,14.192999839782715,14.556922912597656,121.73093725150494,-4.001763926927318,11.071215832232882,1.0503222395345915,1.2819730059331902
SB67614_component_386a,121.224663,-4.594633,13.107999801635742,35.619564056396484,121.22480368840934,-4.59465682110314,9.69701897080213,1.1074952232601005,1.3517556107814295
SB67614_component_387a,116.957924,-6.120841,12.864999771118164,66.3144302368164,116.95777468147739,-6.1208764986957656,14.008779730725136,0.7524075711673431,0.9183526344483564
SB67614_component_397a,116.616,-4.641218,13.687000274658203,73.58602142333984,116.61596024883758,-4.6414254871046,9.948834510521383,1.127144899104073,1.3757390637248539
SB67614_component_400a,120.418606,-5.425782,13.413999557495117,61.25114059448242,120.41849460427363,-5.426012607906014,10.831319942485456,1.0146601030578464,1.238445510678638
SB67614_component_401a,120.520622,-4.880328,12.9350004196167,56.239131927490234,120.52065292536531,-4.880577694355674,7.807671263624971,1.357339877867721,1.6567040264463178
SB67614_component_410a,120.109342,-2.653676,13.510000228881836,55.596710205078125,120.10912914234228,-2.6539467602571056,9.960636079189477,1.111250486680154,1.3563391054019092
SB67614_component_415a,118.952538,-3.555706,13.246999740600586,70.08995056152344,118.95227244857819,-3.556006688209219,9.702067844116815,1.1186568888995765,1.365379005119343
SB67614_component_417a,119.413911,-4.710013,12.88700008392334,66.0871810913086,119.41363798740484,-4.709945391862887,9.676654256076628,1.0911144016533951,1.3317619647132395
SB67614_component_419a,115.149172,-5.975427,13.638999938964844,12.663881301879883,115.1492452320464,-5.97550808776793,12.858211618958315,0.8690517515915497,1.0607229327953605
SB67614_component_421a,119.888473,-3.006832,12.067000389099121,64.8763427734375,119.88820728902546,-3.0071614283223322,8.576652836495933,1.1527235780753213,1.4069591738342064
SB67614_component_423a,115.868036,-7.239105,13.218000411987305,24.98676872253418,115.86779837347873,-7.239247833607026,8.754503680802062,1.2370233922558822,1.5098514883229006
SB67614_component_433a,120.39141,-3.262318,12.20199966430664,60.40593719482422,120.3910688201448,-3.2627537144742775,9.621756488698264,1.0390114370914345,1.2681675823576637
SB67614_component_435a,120.939928,-3.883264,12.887999534606934,45.22105026245117,120.93994002015027,-3.8832309022500695,9.196594064289695,1.1481593724943078,1.40138832316748
SB67614_component_436a,117.165227,-6.328022,11.729000091552734,58.64500045776367,117.16503586586708,-6.328145231413249,9.90445903485309,0.9702282381177443,1.184214105008584
SB67614_component_440a,115.082393,-5.677749,11.461999893188477,11.636548042297363,115.08242379463768,-5.677686291320027,7.96373337294848,1.17919972592179,1.4392746914560255
SB67614_component_442a,117.190259,-6.323512,11.819999694824219,57.65853500366211,117.19007263563917,-6.3237509338240585,6.389308651082735,1.515679155184655,1.8499653624999313
SB67614_component_443a,117.051581,-4.824392,12.024999618530273,67.5561752319336,117.05154336438648,-4.824507537493059,9.743971905652462,1.0110967839541385,1.2340962940948743
SB67614_component_444a,121.560914,-5.384633,12.085000038146973,14.90135669708252,121.56122566700536,-5.384618618906086,8.934685659623232,1.1081819170714915,1.3525937563489598
SB67614_component_449a,118.159795,-4.993217,12.460000038146973,67.71739196777344,118.15977273425148,-4.993522873168602,10.447257959905015,0.9771458822483566,1.1926574500186131
SB67614_component_451a,115.633501,-6.649386,12.053999900817871,47.085933685302734,115.63314593247433,-6.649584717489573,5.691592143122228,1.7351662556628198,2.117860801987373
SB67614_component_452a,121.170787,-6.304811,10.776000022888184,24.71559715270996,121.17095932958689,-6.305108081203109,12.128709222570981,0.7279250755712371,0.8884704732499097
SB67614_component_456a,119.311577,-5.20337,12.154999732971191,69.45714569091797,119.31165089485447,-5.203470140310449,12.116112239745602,0.8219309735250262,1.0032095685857072
SB67614_component_459a,115.815279,-3.31449,11.739999771118164,56.990291595458984,115.81498529384046,-3.314651270403044,8.746008757692366,1.099769981703715,1.3423265510444975
SB67614_component_463a,118.892865,-7.359022,10.887999534606934,16.72503662109375,118.89287220001144,-7.359070808283211,8.318049910596281,1.072433205696684,1.3089605919215295
SB67614_component_468a,118.865518,-7.030272,11.579999923706055,37.475730895996094,118.86544918969899,-7.030337320149714,8.755620872445338,1.0835907510759621,1.322578957267242
SB67614_component_471a,117.06488,-2.448934,11.211000442504883,50.9590950012207,117.06458262927289,-2.4491326629350274,7.910998496340209,1.1610655748744825,1.417141015472487
SB67614_component_478a,116.858174,-4.494842,11.006999969482422,59.82065200805664,116.85790577607585,-4.494830200614728,8.811129106389412,1.0234840553523676,1.2492156041046623
SB67614_component_482a,116.557535,-7.472987,10.395999908447266,11.800227165222168,116.55754520020551,-7.47310142405414,12.545956350945643,0.6789005736158882,0.8286335148666187
SB67614_component_485a,120.351171,-3.7443,10.850000381469727,52.1634635925293,120.35087060379705,-3.7448723787848035,8.59841382044673,1.033844190124764,1.2618606882665733
SB67614_component_490a,117.593827,-5.130512,11.50100040435791,59.90104293823242,117.59374758741649,-5.130777642614435,10.26556555727673,0.9179022169150184,1.1203474704036587
SB67614_component_491a,118.495481,-7.318436,11.784000396728516,26.186668395996094,118.49557647522802,-7.318425957794903,7.704829500647573,1.2530644141368288,1.5294303911252154
SB67614_component_494a,118.628982,-6.068258,11.279000282287598,64.45143127441406,118.62881630157702,-6.068515857034585,11.530008821130071,0.8014651612334476,0.9782299785944247
SB67614_component_495a,115.403474,-5.980526,9.881999969482422,19.60714340209961,115.40353468284741,-5.9805386996341925,9.543371121520746,0.8483727611721774,1.0354831477943944
SB67614_component_500a,120.923675,-5.943124,11.043999671936035,48.438594818115234,120.92362030258485,-5.943410414786139,8.833737513347696,1.0242962328531133,1.2502069090516503
SB67614_component_502a,118.295292,-4.837089,10.565999984741211,57.1135139465332,118.29530680301895,-4.837378075750497,8.865606202233337,0.9764406472705374,1.1917966739916248
SB67614_component_503a,119.427345,-2.090026,10.918999671936035,23.133474349975586,119.42710988570445,-2.0900144099146427,9.886016532793956,0.9049096120830202,1.1044893194053904
SB67614_component_504a,115.380153,-7.138098,11.321999549865723,25.104211807250977,115.37979422929807,-7.138187449366008,7.731521955025307,1.1997805595881177,1.4643946710267945
SB67614_component_519a,117.885484,-5.189635,9.767999649047852,51.95744705200195,117.88542322507223,-5.1899239636692505,10.47124096806762,0.7642776548639441,0.9328406899273615
SB67614_component_521a,120.093338,-3.12591,10.223999977111816,47.33333206176758,120.0930992440732,-3.1262136640788323,7.669897418247823,1.0921315797491462,1.3330034835651654
SB67614_component_523a,118.705201,-4.718263,10.859999656677246,59.344261169433594,118.70520438095001,-4.718668686458303,9.927997570521319,0.8962142193556674,1.0938761396279217
SB67614_component_526a,115.626264,-2.474943,9.619999885559082,22.42424201965332,115.62611862250276,-2.474863105259941,5.777000241543912,1.364320365608759,1.6652240753564729
SB67614_component_531a,116.003464,-5.742599,9.942999839782715,39.145668029785156,116.00331971375186,-5.742606008134703,10.251585374881566,0.7946393741691045,0.969898749918725
SB67614_component_532a,121.061571,-2.030523,10.387999534606934,18.51693344116211,121.06163066690118,-2.0305661171647214,10.388821477069845,0.8192365481260334,0.9999208820302933
SB67614_component_533a,119.992091,-2.987755,9.975000381469727,50.37879180908203,119.9918775615017,-2.988075703146459,9.346142432775169,0.8744283037576219,1.067285294785287
SB67614_component_535a,116.937373,-2.784873,9.930999755859375,50.15656280517578,116.93718023397281,-2.7853076097028175,8.013865594876352,1.015300494501121,1.2392271417939351
SB67614_component_536a,118.028188,-2.604962,9.930999755859375,49.90452194213867,118.02768620393113,-2.6052761921049044,9.051575704906123,0.8989022427259109,1.0971570121737575
SB67614_component_540a,121.053975,-5.582334,9.859999656677246,35.98540115356445,121.0539536432003,-5.582519857219346,7.018280016954152,1.1510386025248165,1.40490257340236
SB67614_component_543a,117.99214,-5.272701,10.26200008392334,53.72774887084961,117.99217367144196,-5.273100672502801,8.978500493632449,0.9364225941094222,1.1429525555187248
SB67614_component_545a,117.634333,-2.588037,9.925000190734863,46.37850570678711,117.63400591677012,-2.5883631875550304,7.398187363181729,1.0991295367684375,1.3415448546394249
SB67614_component_547a,118.658414,-3.76843,9.505999565124512,48.01009750366211,118.65819807980074,-3.7689175577740883,12.06875202481038,0.6453259166307255,0.7876538970709249
SB67614_component_548a,115.57801,-3.295021,9.340999603271484,43.649532318115234,115.57776803652122,-3.295057536472921,7.199377008099494,1.0630216697447241,1.2974733220336436
SB67614_component_556a,117.522248,-5.682825,9.270999908447266,48.0362663269043,117.52215391852569,-5.682988957635648,7.079092271928758,1.0729826128346287,1.3096311719526865
SB67614_component_560a,121.383155,-3.204363,9.456999778747559,13.152990341186523,121.38323955943062,-3.2045138897052574,7.592771877437478,1.0204616964636808,1.2455266576426167
SB67614_component_561a,119.125456,-6.421153,9.685999870300293,47.48039245605469,119.12549846043618,-6.421357735208163,8.087063947244266,0.9812897500656524,1.1977152565488094
SB67614_component_562a,119.634924,-6.947683,9.715999603271484,39.33603286743164,119.63500934902198,-6.947896714683402,7.755944593560802,1.0263523270235453,1.2527164790911445
SB67614_component_573a,119.771114,-3.470095,9.4399995803833,48.91191482543945,119.77081048157048,-3.470461884972345,7.372138821145543,1.049112716505613,1.2804967200707753
SB67614_component_574a,117.396789,-2.683061,8.602999687194824,43.67005157470703,117.39654940290292,-2.6834600636821273,7.034729372113832,1.0019503314819154,1.222932572402533
SB67614_component_576a,115.738162,-2.055931,9.062000274658203,13.24853801727295,115.73809807168544,-2.0558597447364813,8.305407671554025,0.8939367614251971,1.0910963835881895
SB67614_component_580a,117.204167,-5.622701,9.505999565124512,51.10752487182617,117.20405011420657,-5.622748220363765,7.388280601385393,1.05413950595478,1.2866321784451473
SB67614_component_581a,119.970469,-3.607032,8.557999610900879,45.76470184326172,119.970100617183,-3.6075318904189135,6.691190127712024,1.0478824646002702,1.278995133534965
SB67614_component_585a,117.718504,-3.459393,9.859999656677246,54.47513961791992,117.71816822062961,-3.4595251913070086,8.099412214754553,0.9973947502173848,1.2173722481633251
SB67614_component_589a,120.37967,-5.64115,9.25100040435791,45.34804153442383,120.37963750092062,-5.641511798563704,7.524087167805345,1.0073457593329365,1.229517973149197
SB67614_component_590a,117.170464,-4.047111,8.869999885559082,49.277774810791016,117.17023584674568,-4.047112504081598,6.866916522674248,1.05829203405617,1.2917005553032055
SB67614_component_591a,117.298181,-5.133855,9.440999984741211,49.9523811340332,117.29811678212977,-5.134029225602214,6.681870744322039,1.157613565683226,1.4129276584351411
SB67614_component_597a,117.672097,-3.203659,8.723999977111816,45.675392150878906,117.67176792882526,-3.203862319188721,6.776859974462649,1.0547045617673663,1.2873218584988633
SB67614_component_603a,118.275634,-2.344832,8.8100004196167,33.88461685180664,118.27544744887787,-2.3449306020330654,6.973666065058553,1.0350431670394538,1.2633241020471386
SB67614_component_609a,120.886816,-2.481944,8.369999885559082,32.19231033325195,120.88650734672677,-2.4820927244567152,5.768212891084752,1.1888521625615234,1.451055993182153
SB67614_component_610a,118.103546,-3.796397,8.970000267028809,48.225807189941406,118.10328847695911,-3.796727321258849,6.722441410345253,1.0932238833145558,1.3343366969661883
SB67614_component_612a,120.554548,-3.325724,8.657999992370605,38.65178298950195,120.55424317778485,-3.3260170109244247,7.536265035833844,0.9412502370742836,1.148844945235216
SB67614_component_613a,120.927522,-5.67321,8.288999557495117,34.537498474121094,120.92748814550157,-5.673525216469077,7.661436035437933,0.8864119805411094,1.0819119965440411
SB67614_component_614a,121.343067,-6.008108,8.934000015258789,22.675127029418945,121.3431205158538,-6.008263673376054,7.722972959136644,0.9477747089263189,1.156808402998413
SB67614_component_619a,117.686274,-4.773416,8.437000274658203,47.13407897949219,117.68618521328655,-4.7736087098076165,6.968031151211493,0.9920228153732213,1.2108155218553105
SB67614_component_622a,116.737967,-4.73047,8.529000282287598,45.85483932495117,116.73800990119338,-4.730702908282637,7.391945480102401,0.9453291601372994,1.1538234833097611
SB67614_component_625a,116.504933,-7.034296,7.927000045776367,24.021211624145508,116.5049131401868,-7.034457809029165,6.148152236154347,1.056350224385942,1.289330475449431
SB67614_component_626a,120.012948,-2.315627,8.631999969482422,28.394737243652344,120.01293929116159,-2.3158784822540945,8.304378226079768,0.8516241920510673,1.0394516885531253
SB67614_component_632a,117.934119,-5.619324,8.444000244140625,45.89130401611328,117.93406147528823,-5.6198096463093945,7.066012639745276,0.9790784870527126,1.195016294854098
SB67614_component_636a,119.329426,-6.167568,8.552000045776367,44.77486801147461,119.32936799299341,-6.167933880739893,5.8941852333424745,1.1887419673506079,1.4509214941870259
SB67614_component_641a,116.030972,-3.823668,9.055000305175781,43.32535934448242,116.03054701667163,-3.8239368775939395,5.145384167284414,1.4418309518677577,1.7598297835076424
SB67614_component_642a,118.419487,-4.9482,7.816999912261963,43.91572952270508,118.41945420750332,-4.948400039124249,6.663066397306411,0.9611908920443188,1.173183553359462
SB67614_component_644a,115.138744,-6.943977,8.581000328063965,17.265594482421875,115.13847414985264,-6.944086399107926,6.650483356763388,1.0571299774864171,1.2902822047268618
SB67614_component_646a,121.232184,-3.330143,7.211999893188477,11.304075241088867,121.23208855025123,-3.330239620112234,5.809684243805213,1.0170606769637949,1.2413755361797043
SB67614_component_648a,115.085961,-6.278321,7.992000102996826,13.875000953674316,115.0859655197022,-6.2782120529828855,7.270974066251311,0.9005473778976634,1.099164985348002
SB67614_component_652a,121.092835,-3.88938,8.331000328063965,26.787782669067383,121.09276066439068,-3.8893858098492213,6.038832792251996,1.1302846450012292,1.3795712871455703
SB67614_component_658a,120.560291,-6.087828,7.995999813079834,35.22467041015625,120.56025686832757,-6.08817236618731,7.333775210030987,0.893282574179937,1.090297913977929
SB67614_component_660a,117.730922,-7.322488,7.89900016784668,15.367704391479492,117.73090410084733,-7.322332299964125,8.885030487791017,0.7283781034603394,0.8890234173873406
SB67614_component_665a,118.887798,-5.098567,7.6620001792907715,44.8070182800293,118.8878454130701,-5.098826191048722,5.545055590917105,1.132087341189364,1.3817715717478571
SB67614_component_670a,119.135121,-6.514844,7.808000087738037,37.71980667114258,119.1351547082476,-6.515063338280625,5.797186403973143,1.103484469851561,1.3468602773212137
SB67614_component_672a,119.882548,-3.992469,8.083999633789062,38.86538314819336,119.88136832730078,-3.992000892495671,5.020211033360734,1.3193134566835343,1.6102907985478259
SB67614_component_675a,116.15726,-6.080168,7.072000026702881,25.530685424804688,116.15696975793047,-6.080237757775838,9.586421532769338,0.6044068986316496,0.7377101040809242
SB67614_component_686a,121.332897,-4.32315,8.029000282287598,23.205204010009766,121.33318728040175,-4.323172976376548,5.561211083229537,1.182866614707297,1.4437503202314976
SB67614_component_694a,117.989144,-7.339635,8.229999542236328,12.839313507080078,117.98930352214536,-7.339596864429332,7.192525668616187,0.9374801296957599,1.1442433327901833
SB67614_component_697a,120.137208,-4.354926,7.552999973297119,38.34010314941406,120.13630421321712,-4.3543959285320915,2.8157600601504473,2.1976955033171626,2.6824018424686225
SB67614_component_706a,119.699622,-5.616326,7.51200008392334,38.922279357910156,119.69959787284851,-5.616786904299033,5.401486840087956,1.1394255210285082,1.3907282024963736
SB67614_component_707a,120.144798,-2.846596,7.236000061035156,32.89091110229492,120.14454653486655,-2.846804244777265,6.84937836854415,0.8655478557826601,1.0564462454383556
SB67614_component_709a,119.895638,-2.691524,6.784999847412109,31.558137893676758,119.8954713453685,-2.691809307780226,5.718510641819379,0.9720992083112618,1.1864977215909176
SB67614_component_710a,116.427949,-2.318957,7.752999782562256,25.5032901763916,116.42775190234666,-2.31899011147182,5.922464255495194,1.0725338416972259,1.3090834234024442
SB67614_component_713a,118.100619,-2.415828,6.8420000076293945,30.544641494750977,118.10024197827661,-2.416130943047381,5.167295374125086,1.0848344387345925,1.3240969428398248
SB67614_component_717a,119.918327,-4.575571,7.22599983215332,36.68020248413086,119.91736226100284,-4.575083791672762,5.188845543888019,1.1409612232709425,1.3926026070798891
SB67614_component_718a,120.790366,-3.20345,7.686999797821045,28.054744720458984,120.78996118563921,-3.2035306261106635,5.864663271479411,1.0738842403787066,1.3107316553371247
SB67614_component_722a,119.551593,-5.904154,7.427000045776367,39.089473724365234,119.55164689430057,-5.904508995454352,5.426234318461094,1.1213948665513602,1.3687208494679788
SB67614_component_723a,118.72616,-3.583518,7.164999961853027,37.71052551269531,118.72590436580009,-3.583836803990822,5.681146152265439,1.0332940087267304,1.2611891632106453
SB67614_component_729a,116.597183,-4.220537,6.813000202178955,36.23936462402344,116.59685657664714,-4.2205758835076095,6.074801162514817,0.9188614157587957,1.12151822255834
SB67614_component_738a,118.013286,-4.588989,6.88700008392334,32.79523849487305,118.01311816879782,-4.588877686717484,4.977604641903922,1.133583120202519,1.3835972479503873
SB67614_component_741a,117.363245,-5.50004,7.046000003814697,40.03409194946289,117.36322577409044,-5.500117936117467,5.920605047531324,0.9750350524803618,1.1900810723310487
SB67614_component_743a,116.612623,-2.43044,7.419000148773193,28.534616470336914,116.61246205693709,-2.43056417552997,10.571038364307269,0.5750047226561322,0.7018232167071856
SB67614_component_745a,115.759532,-7.156788,6.677000045776367,16.989822387695312,115.7591984401107,-7.1568529774343785,3.40576437577662,1.6062400914007509,1.9604997025825674
SB67614_component_746a,119.587741,-5.967796,6.698999881744385,40.113773345947266,119.58779131049825,-5.968198818729307,5.3460822978794456,1.0266395974026046,1.2530671075530546
SB67614_component_748a,117.128156,-4.914971,6.6020002365112305,34.56544494628906,117.12820308118245,-4.915270239662334,5.281816765578939,1.0240847185455682,1.2499487448212503
SB67614_component_756a,115.32114,-2.952979,6.72599983215332,15.148648262023926,115.32118027020609,-2.95283333172506,6.346642508852134,0.8682734007215459,1.059772915013264
SB67614_component_760a,120.022107,-3.193937,6.603000164031982,35.88587188720703,120.02182606848426,-3.194393237715801,5.16405183981436,1.0475973606742273,1.2786471493418141
SB67614_component_762a,120.022634,-4.502409,6.986999988555908,34.589107513427734,120.02173387298522,-4.501957178249579,5.636954297985991,1.015523340675885,1.2394991371585664
SB67614_component_768a,117.859609,-3.98387,6.833000183105469,36.1534423828125,117.85948093552567,-3.9841279195382198,4.272881195428211,1.3101900456292257,1.599155200106305
SB67614_component_771a,120.535477,-6.341127,6.789000034332275,27.265060424804688,120.53529380200449,-6.341405302299115,6.52260518007806,0.8527631019647083,1.0408417874299465
SB67614_component_773a,120.133468,-6.68499,6.821000099182129,33.76732635498047,120.13347377939799,-6.685306721060213,5.067267904747294,1.1028536142676069,1.3460902852189525
SB67614_component_786a,119.332822,-2.390872,6.4629998207092285,25.246091842651367,119.3328124708578,-2.391064105871291,5.146260386146256,1.0289305646099784,1.2558633523689624
SB67614_component_790a,118.637283,-3.642371,6.724999904632568,34.137054443359375,118.63710137840775,-3.642751436632168,4.861282501935214,1.1334049461524494,1.3833797772409713
SB67614_component_791a,120.94034,-3.612365,7.0879998207092285,19.688888549804688,120.94015979798566,-3.612540514800548,6.413875455303436,0.9054132717743201,1.1051040622948767
SB67614_component_794a,117.554876,-6.784861,6.547999858856201,31.786407470703125,117.55463776525497,-6.785019908465778,4.554501462121595,1.1779083390429184,1.4376984865004274
SB67614_component_795a,118.920099,-5.842491,6.703999996185303,40.38554382324219,118.91994963692399,-5.842790151000645,5.478984220612087,1.0024844309502452,1.2235844686255297
SB67614_component_804a,119.341644,-5.491896,6.873000144958496,37.15135192871094,119.34173161023652,-5.492116124652864,4.61027918642305,1.2214137591751566,1.4907991180228308
SB67614_component_805a,119.849719,-2.667813,6.293000221252441,29.544601440429688,119.84945338829698,-2.6681658107205273,4.613014773865838,1.1176776908005628,1.3641838428318598
SB67614_component_807a,117.624177,-5.297267,6.229000091552734,34.225276947021484,117.62416565773832,-5.297550212720915,6.108280566541434,0.8354934339658444,1.0197632580390217
SB67614_component_809a,116.373314,-7.25666,7.044000148773193,12.144827842712402,116.37290640180134,-7.25685738406684,4.952198815125552,1.1653730362427714,1.4223984964534604
SB67614_component_812a,118.931668,-3.881075,6.269999980926514,31.66666603088379,118.93163059999563,-3.881408715789856,5.105250408005951,1.0062228414158916,1.2281473933372644
SB67614_component_815a,117.665378,-4.365169,6.2870001792907715,29.65566062927246,117.66528215765041,-4.365337514817797,3.922762345078822,1.3130920010865388,1.6026971879083955
SB67614_component_816a,120.399195,-6.946723,6.36899995803833,25.173913955688477,120.39911884896676,-6.946989477704214,6.137930413091708,0.8501449246459896,1.0376461656283638
SB67614_component_819a,117.493385,-5.321255,6.218999862670898,34.35911560058594,117.49327932104566,-5.321501315048184,6.570972988688558,0.775415621661896,0.9464351585946928
SB67614_component_822a,120.270855,-6.740863,6.123000144958496,29.018959045410156,120.27088572801993,-6.7411906311193395,5.02391013873504,0.9985414281332757,1.2187718282915374
SB67614_component_825a,116.292943,-3.518827,6.585000038146973,30.345623016357422,116.29262680270021,-3.518979408110436,4.09046167640892,1.3189463627295308,1.6098427412545877
SB67614_component_828a,119.727231,-4.979226,6.5879998207092285,37.011234283447266,119.72724133592943,-4.979394793624813,6.341119067471417,0.851199483642267,1.0389333098165996
SB67614_component_831a,116.322589,-3.723168,5.883999824523926,30.32989501953125,116.32231990384508,-3.723344470889625,4.558568383832195,1.057518218215111,1.2907560727601715
SB67614_component_833a,116.870351,-3.850391,5.959000110626221,30.24873161315918,116.86995474319008,-3.8504332385230917,4.1230721815392295,1.1841211448746338,1.4452815396507563
SB67614_component_834a,118.438016,-3.45339,5.908999919891357,29.843433380126953,118.43774815121193,-3.453796731064481,4.993811732999717,0.9694501887735818,1.1832644552544833
SB67614_component_838a,120.720057,-3.700148,6.210999965667725,22.341726303100586,120.7199501353885,-3.7002169696607585,4.251239381233667,1.1969875892755597,1.4609857052710484
SB67614_component_839a,116.301352,-4.613745,6.034999847412109,31.43229103088379,116.30111573654719,-4.613968614697538,6.3158513395069855,0.7828689078720273,0.9555322826650319
SB67614_component_841a,115.183612,-6.953972,5.883999824523926,12.46610164642334,115.18335109309423,-6.954195523104776,4.214920881355049,1.1437389337975283,1.3959929474719552
SB67614_component_845a,119.522926,-4.350356,5.920000076293945,29.748743057250977,119.5219299295314,-4.349737695073345,4.561101181635824,1.0633976264308795,1.297932196753144
SB67614_component_846a,117.853279,-2.792875,6.756999969482422,36.72282409667969,117.85299458005582,-2.7932110630506335,5.982041730286837,0.9254397710513186,1.129547447867507
SB67614_component_847a,118.640526,-3.125031,5.968999862670898,29.696516036987305,118.64027316628741,-3.1253998814109156,4.552662631409787,1.0741867251069177,1.3111008537047089
SB67614_component_849a,119.009654,-6.157966,6.081999778747559,34.16853713989258,119.00949719541737,-6.15822820076475,6.931479655700363,0.7188927900058961,0.8774460982145129
SB67614_component_850a,117.49465,-5.611424,6.175000190734863,32.3298454284668,117.49454395763749,-5.611664880688889,4.894311845493887,1.0336869151741532,1.2616687259967068
SB67614_component_859a,119.334633,-2.127576,4.744999885559082,11.57317066192627,119.33459439517073,-2.1274986733344954,4.4582692702995566,0.8719941908460308,1.0643143331807456
SB67614_component_862a,117.357008,-3.606284,5.811999797821045,29.95876121520996,117.35674766305897,-3.6064506010939543,4.295568531003493,1.1085329823108625,1.3530222497610338
SB67614_component_868a,118.182006,-2.502283,5.836999893188477,27.66350746154785,118.18174354751825,-2.5024354686804506,5.854481065268346,0.8168549788535586,0.9970140526743563
SB67614_component_869a,116.554934,-4.367356,5.785999774932861,33.0628547668457,116.55462754185875,-4.367484186179869,3.3051188569429404,1.4342835296450132,1.7506177615302476
SB67614_component_870a,116.965547,-2.225785,5.8520002365112305,17.896024703979492,116.96550024067578,-2.226009467326768,5.122247010500062,0.9360251074906423,1.1424674023949357
SB67614_component_873a,120.824335,-2.715409,5.7270002365112305,27.01415252685547,120.8240392036943,-2.7154648108424255,5.773776639757511,0.8126637780008809,0.9918984737088401
SB67614_component_881a,118.48661,-5.722128,5.724999904632568,31.1141300201416,118.48648446185821,-5.722473430057195,6.442527273121071,0.7280528376371853,0.8886264135066831
SB67614_component_886a,119.118192,-5.05694,5.831999778747559,32.22099304199219,119.11818385078945,-5.056913950129914,4.1917472270861085,1.1398982685032606,1.391305215415308
SB67614_component_889a,117.125989,-6.805185,5.968999862670898,26.887386322021484,117.1257401252902,-6.805222144139051,5.079753244822367,0.962725850421054,1.1750570500161426
SB67614_component_890a,117.843187,-4.117811,6.283999919891357,33.24867630004883,117.84314235678976,-4.1178904865038835,4.699272047368926,1.095593038443902,1.3372283742137687
SB67614_component_891a,117.884496,-2.136659,5.9730000495910645,17.56764793395996,117.884426043296,-2.1366186796793083,4.477930590905649,1.0928456843685206,1.3338750854517025
SB67614_component_892a,116.465382,-6.848824,5.818999767303467,19.461538314819336,116.46523169604839,-6.848937416470695,5.462215658073986,0.8728169624593448,1.0653185687939837
SB67614_component_896a,116.162105,-2.039958,5.989999771118164,12.663847923278809,116.16214887215123,-2.039998417664945,4.391117856774027,1.1176231602920785,1.3641172855056933
SB67614_component_902a,120.627278,-5.749379,5.0879998207092285,24.461536407470703,120.62732359015784,-5.749737023969641,5.094035370724981,0.8183306393045462,0.9988151731237599
SB67614_component_903a,116.375808,-5.029552,5.388000011444092,29.442623138427734,116.375920793721,-5.029782635861423,4.631904159827801,0.9530412625970403,1.1632365060948064
SB67614_component_904a,119.66204,-5.032856,5.840000152587891,32.99435043334961,119.66196019909299,-5.032884979524747,5.539143430963915,0.8638014492740367,1.0543146653221112
SB67614_component_906a,118.099559,-3.886975,5.26800012588501,28.021278381347656,118.09930548589053,-3.8871142901735003,4.737892058477135,0.9109704621487767,1.1118869026278035
SB67614_component_908a,118.758218,-7.16056,5.783999919891357,16.813953399658203,118.75817158078829,-7.160749539028133,2.5966451170276694,1.824985256931217,2.227489571818036
SB67614_component_909a,119.151284,-7.200068,6.031000137329102,14.05827522277832,119.15130440452792,-7.20026270544168,4.881991916866281,1.0121292203336305,1.2353564364769292
SB67614_component_911a,120.681571,-6.567619,4.9629998207092285,20.093116760253906,120.68174740553903,-6.567706986520369,4.280452683105046,0.9499445155453399,1.1594567650048317
SB67614_component_913a,118.774008,-5.484698,5.0980000495910645,28.165746688842773,118.77388319730406,-5.48493178995372,4.546495759162574,0.918685212532508,1.1213031573420125
SB67614_component_919a,115.358881,-5.439603,4.790999889373779,14.925232887268066,115.35906922240778,-5.4393879218328305,3.2572039141775826,1.205105014754986,1.4708934459153957
SB67614_component_925a,117.209228,-4.32921,5.120999813079834,27.095237731933594,117.20893688874239,-4.329265762882427,3.8197823890614253,1.0983982157009393,1.3406522391811269
SB67614_component_926a,118.034156,-3.560796,4.9629998207092285,26.97282600402832,118.03391700978787,-3.561144171341563,4.347138145132378,0.9353722873794593,1.141670601443032
SB67614_component_932a,115.145175,-6.733686,5.36899995803833,13.558080673217773,115.14481452064173,-6.733794913911084,3.8670570785407827,1.137513341435623,1.3883942876954636
SB67614_component_940a,117.362069,-7.069967,5.297999858856201,18.020408630371094,117.36209652747971,-7.070097340680416,3.2336812924442726,1.3423272573505418,1.638380341079177
SB67614_component_942a,119.846111,-5.711938,5.689000129699707,30.42245864868164,119.84615962291295,-5.712444259316616,4.442367104523975,1.0492166649390158,1.2806235945485454
SB67614_component_943a,117.736827,-2.174043,5.811999797821045,15.750677108764648,117.7366804383179,-2.174059056523088,4.374606776231889,1.0885045532013733,1.3285765087273211
SB67614_component_944a,118.199926,-2.986359,5.098999977111816,28.17127227783203,118.19965254372624,-2.9867594349483126,4.830704404878488,0.8648050707786455,1.0555396376483683
SB67614_component_945a,118.783672,-4.009741,5.111999988555908,27.63243293762207,118.7835583910885,-4.0101677501266035,2.9713119314329455,1.4095687994402564,1.7204521458945559
SB67614_component_946a,120.261629,-3.311768,5.354000091552734,25.254716873168945,120.26125560267594,-3.312392021720778,3.04027134717783,1.4428118765944344,1.7610270532341306
SB67614_component_951a,117.389207,-4.843173,5.228000164031982,28.25946044921875,117.38915203129467,-4.843474424307388,4.91292842883879,0.8718441061443911,1.0641311469842971
SB67614_component_965a,119.14007,-2.169084,5.360000133514404,14.293334007263184,119.13992479032241,-2.169161712289419,4.472101097625436,0.9819669445099203,1.1985418076439325
SB67614_component_966a,118.296943,-4.110658,5.173999786376953,28.119564056396484,118.29670986986544,-4.1110503760886115,3.732794892405045,1.1356276552580975,1.3860927094880742
SB67614_component_970a,118.228945,-6.602634,5.23799991607666,24.138248443603516,118.22875055306302,-6.602978241247076,3.3726059073835932,1.272458337258659,1.5531016845487904
SB67614_component_973a,119.38158,-5.755955,4.4079999923706055,24.353591918945312,119.3816380748978,-5.7563988762811995,3.193922294311321,1.1307352208665171,1.3801212384602068
SB67614_component_976a,116.253302,-2.376527,5.414000034332275,21.06614875793457,116.25301431537416,-2.3766917593283554,4.377384037976751,1.0133215647952503,1.23681175500303
SB67614_component_979a,117.810767,-5.053796,4.642000198364258,25.09189224243164,117.8107514319836,-5.054009993408383,5.051966950415413,0.7528151227968956,0.9188500724420922
SB67614_component_980a,120.864414,-5.964408,4.5269999504089355,21.45497703552246,120.86433100458102,-5.964836957485636,4.0817291373481135,0.9086779486548465,1.1090887704886054
SB67614_component_981a,115.77329,-3.497929,4.875999927520752,25.52879524230957,115.77247055633384,-3.497890415159765,2.942255164794137,1.3577725910809129,1.6572321754635835
SB67614_component_982a,119.815785,-3.566782,5.011000156402588,25.308082580566406,119.81552183070652,-3.5671691411755266,3.29857445073053,1.244634417826141,1.5191411414991132
SB67614_component_984a,116.949799,-5.240386,4.690999984741211,25.91712760925293,116.94992446272599,-5.2406052126756855,4.175891773696887,0.9203645402017832,1.1233528642406128
SB67614_component_985a,119.834036,-4.104125,4.959000110626221,25.172590255737305,119.83294302935238,-4.103711327115054,4.109353664262756,0.9886994195100329,1.2067591440844982
SB67614_component_986a,116.498005,-3.283523,5.063000202178955,25.442211151123047,116.49761880265764,-3.2838092443507336,3.462741995645836,1.1979301389131283,1.4621361362022742
SB67614_component_987a,121.068863,-4.275898,4.5879998207092285,19.606836318969727,121.06883065258224,-4.276006021316804,4.694422194943009,0.8007278384166494,0.9773300376884674
SB67614_component_989a,117.178415,-4.767521,4.985000133514404,26.945945739746094,117.17831753461688,-4.7674711455096395,4.664204082616915,0.8756515290574699,1.0687783049830664
SB67614_component_992a,119.349738,-5.339944,4.742000102996826,25.4946231842041,119.34972190053419,-5.340001636147312,6.9617361537762985,0.5580687192316867,0.6811519423103378
SB67614_component_993a,119.632467,-6.188518,5.047999858856201,25.239999771118164,119.63243659968018,-6.188862213032812,4.071844087004876,1.0157150199427023,1.2397330916885267
SB67614_component_996a,118.060063,-2.768252,4.811999797821045,26.01080894470215,118.05963703250549,-2.7686490940291217,3.7708009325278162,1.0455280178803066,1.276121408667215
SB67614_component_1002a,116.583853,-3.577171,4.623000144958496,24.854839324951172,116.58357942392846,-3.5773358042398358,4.1747039321837685,0.9072811897307359,1.107383953462833
SB67614_component_1003a,119.111203,-2.779761,4.947000026702881,24.36945915222168,119.11090274054223,-2.779862830989338,3.321023169094667,1.2204322857311956,1.4896011785583134
SB67614_component_1007a,116.720606,-2.81406,4.51800012588501,23.051021575927734,116.72034736364219,-2.8143166417126584,4.097860944505312,0.903301439716998,1.1025264612609778
SB67614_component_1011a,115.894316,-2.550861,5.123000144958496,19.479087829589844,115.89402400635723,-2.550903979490992,2.994110260542497,1.4018458473196842,1.711025880533294
SB67614_component_1016a,118.199007,-6.771514,5.081999778747559,25.15841293334961,118.19878257499799,-6.771682727409807,3.8127798551733245,1.0920350865049595,1.3328857085341836
SB67614_component_1019a,120.158992,-2.71577,5.195000171661377,23.50678825378418,120.158805195249,-2.7161389936472746,2.9481955181836295,1.443686732916885,1.7620948609480263
SB67614_component_1022a,117.838566,-4.64194,4.9120001792907715,25.18974494934082,117.83831330063126,-4.642182408733094,3.352405505913765,1.2004539627456117,1.4652165946589173
SB67614_component_1032a,118.904983,-3.811262,4.9079999923706055,25.298967361450195,118.90486117397836,-3.8115109647869585,4.062219891824112,0.9898851423024343,1.2082063805183874
SB67614_component_1038a,117.429954,-2.908131,4.861999988555908,24.933334350585938,117.42967330107058,-2.908575852232099,4.315148549547336,0.9231300391671501,1.126728299786096
SB67614_component_1039a,117.676305,-5.149817,4.809000015258789,25.99459457397461,117.67628668675005,-5.1500477219641265,3.085338159026543,1.2770140891423125,1.5586622170375255
SB67614_component_1040a,118.469123,-4.474954,4.447000026702881,25.411428451538086,118.4691552313402,-4.475235306301766,3.9413363181012953,0.9244157104020417,1.128297528500482
SB67614_component_1042a,120.284707,-5.993239,5.133999824523926,23.87906837463379,120.28462182920828,-5.993645681221863,4.226474349901192,0.9952250361557424,1.2147239991280085
SB67614_component_1043a,120.867506,-3.479713,4.639999866485596,13.070422172546387,120.86725806434757,-3.479744069004731,3.717473818493056,1.0226187005228324,1.2481593934578137
SB67614_component_1050a,119.013147,-4.20205,4.4720001220703125,23.291667938232422,119.01311865732148,-4.20243605339649,4.432044622722933,0.8266874855051218,1.0090151392299909
SB67614_component_1055a,117.889521,-3.418894,4.015999794006348,22.065933227539062,117.88912474150196,-3.419007112355665,3.0642736098382564,1.0737664289919846,1.31058786040269
SB67614_component_1056a,119.842211,-2.57981,4.269000053405762,21.133663177490234,119.84192651210073,-2.579999017467565,3.734235041950921,0.9366302739998149,1.143206039643251
SB67614_component_1057a,119.956917,-5.167894,4.804999828338623,27.14689064025879,119.95682489796073,-5.168004357927274,5.305948506226686,0.7419489532556001,0.9055873464847641
SB67614_component_1061a,115.451553,-4.766251,4.283999919891357,17.34412956237793,115.45143172941465,-4.766397887782281,2.965393654467686,1.1836158738619569,1.444664830059594
SB67614_component_1064a,116.254716,-5.272275,4.74399995803833,24.081218719482422,116.25469431951251,-5.2723789095857185,3.2560306757476747,1.1937128516299491,1.4569887173894565
SB67614_component_1070a,118.351095,-4.338543,4.556000232696533,24.7608699798584,118.35082191018903,-4.338682191769556,3.8830435346914696,0.9612916252774965,1.1733065035178736
SB67614_component_1075a,116.743783,-6.689348,4.638000011444092,23.190000534057617,116.74359294508056,-6.689654437420223,3.155880645398703,1.204075878807664,1.469637331882728
SB67614_component_1076a,121.174769,-2.773943,4.585000038146973,14.742765426635742,121.17456058757345,-2.7742757611718973,3.8820167024817738,0.9676663184907497,1.1810871486502832
SB67614_component_1077a,117.676197,-4.56324,4.517000198364258,21.009302139282227,117.67605666375883,-4.563456326572212,4.697793700242539,0.7877707462448597,0.9615152317418818
SB67614_component_1079a,120.510891,-5.858588,4.511000156402588,19.61304473876953,120.51093385245755,-5.858999265082909,3.4823393962928555,1.061317748144293,1.2953935969609394
SB67614_component_1080a,119.933207,-5.269717,4.111999988555908,21.087181091308594,119.93322919034559,-5.2698439152612675,3.882793507427128,0.8676658225376158,1.05903133419028
SB67614_component_1082a,119.342192,-3.793195,4.567999839782715,25.098899841308594,119.34188405074447,-3.793491481380486,4.500890510037711,0.8315173445478226,1.0149102337849232
SB67614_component_1085a,117.187631,-2.506704,4.4710001945495605,21.809757232666016,117.18739082545687,-2.507063681834638,3.726832642258468,0.9828980623605986,1.1996782854837629
SB67614_component_1089a,116.951042,-3.458045,4.750999927520752,28.112424850463867,116.95066722493287,-3.458186915876264,4.89734798672406,0.7948180848241374,0.9701168755824511
SB67614_component_1092a,120.44157,-6.993083,4.324999809265137,14.965396881103516,120.44166956536692,-6.993238807780788,3.2006689268152795,1.1071055295682037,1.3512799693308442
SB67614_component_1100a,115.399448,-5.142504,4.4770002365112305,20.920560836791992,115.39953736831792,-5.142593658279,3.0327454616546023,1.2094692653216148,1.4762202410711622
SB67614_component_1110a,117.095795,-4.132108,4.258999824523926,23.530385971069336,117.09543694600403,-4.132093097723706,4.254663201774277,0.8201364535383157,1.0010192634631667
SB67614_component_1117a,121.302074,-4.616576,4.48199987411499,11.121587753295898,121.30217111562074,-4.616583939105683,3.51408044013221,1.0449699993813737,1.2754403180213951
SB67614_component_1123a,115.592358,-3.695701,4.0970001220703125,19.417062759399414,115.59215484708618,-3.6960614515081387,1.8465433876419313,1.8178169187222513,2.218740241626412
SB67614_component_1125a,116.517805,-3.464745,3.871000051498413,20.481481552124023,116.5175631580426,-3.4648590127862318,2.9607235764824567,1.0711961322751622,1.3074506793698815
SB67614_component_1129a,119.617053,-3.485593,4.508999824523926,26.839284896850586,119.61680107605197,-3.4858720993353955,4.151517679565982,0.8898504153994317,1.086108785400937
SB67614_component_1130a,119.69809,-5.955967,4.289000034332275,22.33854103088379,119.6982573715454,-5.956277098456765,2.5414298097597516,1.3826797768690666,1.6876326931640604
SB67614_component_1132a,118.975039,-3.981575,4.431000232696533,23.822582244873047,118.97504719424983,-3.9820124088099593,3.2429295652946344,1.1194583435112735,1.3663572222216789
SB67614_component_1134a,119.436156,-2.996338,3.9609999656677246,19.904521942138672,119.43596228090352,-2.9965841650557707,3.464575858524298,0.9366955232978514,1.143285679810421
SB67614_component_1142a,120.282153,-6.519287,3.815000057220459,18.79310417175293,120.2821609802748,-6.519658972499813,3.2292274693065357,0.9679202848247543,1.1813971277903552
SB67614_component_1152a,117.299131,-7.074495,3.9769999980926514,13.435811042785645,117.29918874938619,-7.074643208893524,2.8954648425971063,1.1253327953939476,1.3735272967519283
SB67614_component_1153a,119.707812,-4.310407,3.805000066757202,18.470874786376953,119.70659870810445,-4.309803826379043,3.117585769323151,0.9999538093380242,1.2204957131246124
SB67614_component_1158a,118.435166,-3.81543,3.802000045776367,19.397960662841797,118.43485418103255,-3.815725384204727,3.0874685808892277,1.008911917016872,1.2314295501855264
SB67614_component_1159a,117.283318,-4.057521,4.281000137329102,23.916200637817383,117.28306776633995,-4.05747434258954,3.8868956533603667,0.9023728930524412,1.101393121687745
SB67614_component_1163a,119.221923,-3.461593,4.059000015258789,21.140625,119.22171739156775,-3.4616975558953227,3.6778543385836424,0.9042077161043176,1.1036326188007564
SB67614_component_1165a,118.726081,-6.034217,3.822000026702881,20.54838752746582,118.72597785935325,-6.0344439252122735,2.550977323534611,1.22751771548495,1.4982493146615479
SB67614_component_1168a,120.750636,-5.624905,4.232999801635742,17.348360061645508,120.75049299595094,-5.625381434561078,4.9294054457669985,0.7035539220900756,0.8587242109027009
SB67614_component_1171a,116.683994,-2.90203,4.076000213623047,20.90256690979004,116.68381404664922,-2.9025094394040933,2.855862853617115,1.1693392605420538,1.4272394798162515
SB67614_component_1181a,119.190996,-6.248023,3.5199999809265137,19.027027130126953,119.19107937615371,-6.2484172503777495,3.091712379154946,0.9327972500816768,1.1385276342842185
SB67614_component_1183a,117.590089,-7.210725,3.8529999256134033,11.928791999816895,117.59019546605855,-7.210687638846581,2.5943018981393977,1.2168083129945528,1.4851779310560305
SB67614_component_1185a,117.367757,-3.08086,3.940000057220459,21.06951904296875,117.36745791835486,-3.0810700756108615,2.844821333376919,1.1347100800954872,1.384972761204486
SB67614_component_1194a,118.55664,-5.326088,3.4639999866485596,18.92896270751953,118.5565976653425,-5.326229934347188,3.592653752687705,0.7899619970856465,0.9641897675380218
SB67614_component_1200a,116.792922,-2.987353,4.074999809265137,21.56084632873535,116.79252586267795,-2.9876084834500634,3.4591495172249895,0.9651658328651621,1.1780351756908722
SB67614_component_1204a,117.176024,-5.857027,3.697999954223633,20.659217834472656,117.17576774368287,-5.857253998285402,3.62097659165344,0.8367290841403933,1.0212714334436008
SB67614_component_1205a,119.863019,-4.126161,3.4030001163482666,17.274112701416016,119.86197475704168,-4.125518051660153,3.816982395864721,0.7304415810377703,0.8915419992596879
SB67614_component_1207a,119.726247,-2.972279,4.021999835968018,20.94791603088379,119.72615928836532,-2.9725146687471997,2.6773735319286076,1.230769608644598,1.502218419658025
SB67614_component_1211a,120.656293,-3.937922,4.182000160217285,18.75336265563965,120.65611471929928,-3.9382457373630966,4.514031849713913,0.75903728040734,0.9264445399255057
SB67614_component_1213a,120.007072,-5.291095,3.8949999809265137,22.00564956665039,120.0070645583642,-5.291248976794848,3.4246629186266926,0.93182275007492,1.1373382062630644
SB67614_component_1218a,120.63777,-3.68923,3.4570000171661377,13.503905296325684,120.63757872305636,-3.6896447368502856,2.195241699328165,1.2902109364965213,1.5747696566733964
SB67614_component_1221a,117.177288,-3.640012,3.6600000858306885,19.89130401611328,117.17688287870429,-3.6400292583813605,2.825998623678414,1.0610914874071624,1.2951174339450704
SB67614_component_1235a,118.64804,-3.284752,3.505000114440918,17.181373596191406,118.64771111101939,-3.2851618651438854,2.66409141758157,1.0779102305621298,1.3156455860747882
SB67614_component_1236a,119.303579,-4.895607,3.559000015258789,20.935293197631836,119.30359308554429,-4.895525296910114,3.1434596199267495,0.9276065034770612,1.132192057660891
SB67614_component_1240a,120.896702,-5.957959,3.9240000247955322,17.917808532714844,120.89658670312011,-5.958516371149868,3.488735616701474,0.921519698765237,1.124762795440943
SB67614_component_1252a,119.333414,-5.121908,3.872999906539917,21.758426666259766,119.3333561969939,-5.12193203043342,3.7946030608082997,0.8362282106952313,1.0206600913126649
SB67614_component_1257a,118.676515,-5.327307,3.378000020980835,19.084745407104492,118.67657278697149,-5.327639294536462,2.2033677254583823,1.2560772365305743,1.533107697798417
SB67614_component_1271a,116.759396,-4.148522,3.377000093460083,18.353261947631836,116.75915777402648,-4.1485612497912046,2.5885258331155785,1.0688635076656947,1.3046035895247328
SB67614_component_1277a,117.317583,-5.238806,3.5230000019073486,18.940858840942383,117.3174902436292,-5.239078068735957,2.9680628400043836,0.972485719545391,1.1869694786860192
SB67614_component_1279a,115.621149,-3.425089,3.572000026702881,17.339805603027344,115.6211091567908,-3.4252441998194834,2.8189969962452133,1.038150987014321,1.267117358216641
SB67614_component_1282a,121.034627,-6.012184,3.927999973297119,13.929078102111816,121.03442660896926,-6.0123097855889505,3.3159017976083844,0.9705401288364699,1.1845947838775608
SB67614_component_1288a,120.278066,-5.312945,3.259999990463257,14.553570747375488,120.27807955356784,-5.313044309581029,3.9975140457384746,0.6681458592715606,0.8155068257830288
SB67614_component_1289a,119.963815,-2.873683,3.444000005722046,16.47846794128418,119.96368088538635,-2.8739001806910465,2.8831613635077167,0.9786736036559207,1.194522113577438
SB67614_component_1291a,118.181182,-6.356871,3.4660000801086426,17.86598014831543,118.18101246601123,-6.357079877746273,2.4272580342773318,1.169920367970698,1.4279487517035145
SB67614_component_1294a,115.31573,-4.671367,3.61299991607666,10.721067428588867,115.31577874303902,-4.6714445281212695,3.0236148939625926,0.9790055557240049,1.1949272783683276
SB67614_component_1305a,118.394308,-6.375828,3.2829999923706055,17.650537490844727,118.3939252702923,-6.376206681842774,3.410201163714984,0.7887412680292145,0.9626998041353639
SB67614_component_1308a,120.789567,-3.827323,3.5199999809265137,14.545454978942871,120.78936436183135,-3.8273519422578284,3.2531822580231475,0.8864983811487058,1.082017452986327
SB67614_component_1312a,118.298809,-6.891253,3.309000015258789,15.985507011413574,118.29850595190936,-6.891460684872742,2.238251752077743,1.21124366012366,1.4783859823574728
SB67614_component_1317a,118.176953,-5.548665,3.2769999504089355,18.307262420654297,118.17689833309824,-5.549075210734045,3.200680895383824,0.8388373084548054,1.023844631039346
SB67614_component_1325a,119.822549,-2.763862,3.252000093460083,17.868133544921875,119.8225371052865,-2.764035016859199,2.6491470083736424,1.005745669095394,1.2275649796636023
SB67614_component_1340a,117.974304,-6.295883,2.8589999675750732,15.288769721984863,117.97446323870851,-6.296118357323912,1.7467981942192217,1.340957757361525,1.636708795003638
SB67614_component_1346a,117.481926,-2.889931,3.2130000591278076,15.447114944458008,117.48169212201812,-2.8901501465006487,2.536191154137159,1.0379404346680705,1.2668603681101105
SB67614_component_1349a,117.909473,-4.328212,3.1500000953674316,15.517242431640625,117.90949063610304,-4.328431336632868,3.938534143134172,0.6552690159694557,0.7997899677621564
SB67614_component_1354a,118.908264,-3.910184,3.5199999809265137,19.130434036254883,118.90819645122947,-3.91046674586555,2.8333379131746197,1.0178598154174607,1.2423509262905115
SB67614_component_1355a,119.838287,-3.545716,3.194000005722046,17.08021354675293,119.83796627826273,-3.5462425015301946,2.1698474501619143,1.2060057857770612,1.4719928838701122
SB67614_component_1372a,118.923291,-5.643661,3.3310000896453857,20.310976028442383,118.92326690103802,-5.643691534387343,2.8583494038018715,0.9547793324045152,1.1653579108330299
SB67614_component_1380a,118.472686,-5.037636,3.0350000858306885,17.342857360839844,118.47252005573863,-5.037747826856236,2.265840627195912,1.097420399816437,1.3394587639584559
SB67614_component_1393a,119.593714,-2.620461,3.0339999198913574,14.728155136108398,119.59340655921271,-2.6207522867870723,2.86362116495898,0.8680478829082,1.059497658774574
SB67614_component_1397a,120.652832,-6.30872,3.009000062942505,11.846456527709961,120.65278052430786,-6.3089177116990625,2.701587439440923,0.9125293657592132,1.1137896256895534
SB67614_component_1405a,119.43916,-5.703478,2.736999988555908,15.37640380859375,119.43917019402882,-5.703950117975867,3.1038129603253166,0.7224751838617081,0.8818185965268468
SB67614_component_1406a,117.419979,-3.363628,2.7219998836517334,14.030926704406738,117.41951316709655,-3.3636075015036893,2.3508298230615225,0.9486600054218737,1.1578889534874244
SB67614_component_1410a,119.95779,-3.539164,3.2739999294281006,17.414894104003906,119.95735011121127,-3.5396694442573677,2.8514799304356613,0.9407019132686895,1.148175687467625
SB67614_component_1419a,117.041544,-4.965799,2.809999942779541,14.635416030883789,117.04188804656002,-4.966078081871613,3.6169617494368125,0.6365112382006995,0.7768951228796043
SB67614_component_1425a,117.329439,-3.544239,2.7660000324249268,14.331605911254883,117.32924440770347,-3.544527476478356,2.3277321519898515,0.9735603011309159,1.1882810614874326
SB67614_component_1426a,118.949391,-4.177197,2.9570000171661377,16.337017059326172,118.9492212673959,-4.1775816610574585,2.443913636600253,0.9913092376304753,1.2099445630491439
SB67614_component_1437a,116.384909,-4.081192,3.055999994277954,16.9777774810791,116.38450060778108,-4.0812970947582,2.866447225948335,0.8734802294995533,1.0661281207669566
SB67614_component_1450a,118.091349,-5.509295,2.7360000610351562,15.457627296447754,118.0913340621035,-5.509611437538462,2.801359992091186,0.8001858395653064,0.9766684998570144
SB67614_component_1454a,118.938797,-3.468086,2.7160000801086426,14.524064064025879,118.93872079646938,-3.4679376680176666,2.6433256685007303,0.8418268743606856,1.0274935519576491
SB67614_component_1471a,116.85811,-4.817224,2.7869999408721924,14.903742790222168,116.85829807615842,-4.8176188138623015,2.2516556555291465,1.014095056225991,1.2377558415863719
SB67614_component_1491a,117.985913,-4.879513,2.565000057220459,14.25,117.98603234780659,-4.879746679809667,2.4113068131970983,0.8715224658968401,1.0637385683075238
SB67614_component_1497a,117.125315,-4.284573,2.930999994277954,15.758064270019531,117.12510686638568,-4.284759679841657,1.3491674699677918,1.77989194301332,2.17245083321489
SB67614_component_1509a,117.289096,-3.539036,2.6659998893737793,13.329998970031738,117.28864048682621,-3.5391239681460274,2.4526108366250767,0.8905845672965836,1.0870048560342893
SB67614_component_1527a,118.465762,-6.588337,2.811000108718872,15.530387878417969,118.46556534437981,-6.588944145554887,2.3137627653476174,0.9953726775599196,1.2149042031526298
SB67614_component_1531a,117.338437,-5.673923,2.753000020980835,14.338541984558105,117.33824090695093,-5.673825048748018,2.424418377939204,0.9303413586477625,1.1355300908587118
SB67614_component_1554a,116.181122,-2.651855,2.3359999656677246,11.339805603027344,116.18094068074976,-2.6519751534427667,2.469491432387626,0.7750130031333001,0.9459437417076458
SB67614_component_1565a,117.075248,-2.530094,2.632999897003174,12.781553268432617,117.0748242995478,-2.5301024109189454,2.101570945163798,1.026479941922172,1.2528722397225356
SB67614_component_1600a,116.17241,-2.519166,2.7130000591278076,12.220721244812012,116.17241215699471,-2.5194265154372393,2.3655371673051775,0.9396447854865573,1.1468854079424422
SB67614_component_1622a,116.28611,-2.796478,2.5139999389648438,12.761421203613281,116.28618426314173,-2.796674725906497,1.5377953888068587,1.3394002922154402,1.6348078276625608
SB67614_component_1722a,118.31967,-3.251049,1.940000057220459,10.3191499710083,118.31916328777704,-3.251270100137838,2.022299407418084,0.785959140396925,0.9593040724356942
SB67614_component_1749a,116.069676,-4.0326,2.1589999198913574,11.244791030883789,116.06921798784616,-4.032663431563743,1.8476664940298528,0.9573543694279789,1.168500877657023
SB67614_component_1758a,118.991069,-4.565958,2.117000102996826,10.85641098022461,118.99114493951764,-4.566409879104908,2.929454472145597,0.5920764771369549,0.7226601823397817
SB67614_component_1799a,117.082367,-5.910656,2.117000102996826,11.893259048461914,117.08207262490262,-5.910602099013951,2.3954268704981585,0.7240718158264461,0.8837673690103384
